CREATE DATABASE  IF NOT EXISTS `blackjack` /*!40100 DEFAULT CHARACTER SET latin1 */;
USE `blackjack`;
-- MySQL dump 10.13  Distrib 5.7.17, for Win64 (x86_64)
--
-- Host: localhost    Database: blackjack
-- ------------------------------------------------------
-- Server version	5.7.21

/*!40101 SET @OLD_CHARACTER_SET_CLIENT=@@CHARACTER_SET_CLIENT */;
/*!40101 SET @OLD_CHARACTER_SET_RESULTS=@@CHARACTER_SET_RESULTS */;
/*!40101 SET @OLD_COLLATION_CONNECTION=@@COLLATION_CONNECTION */;
/*!40101 SET NAMES utf8 */;
/*!40103 SET @OLD_TIME_ZONE=@@TIME_ZONE */;
/*!40103 SET TIME_ZONE='+00:00' */;
/*!40014 SET @OLD_UNIQUE_CHECKS=@@UNIQUE_CHECKS, UNIQUE_CHECKS=0 */;
/*!40014 SET @OLD_FOREIGN_KEY_CHECKS=@@FOREIGN_KEY_CHECKS, FOREIGN_KEY_CHECKS=0 */;
/*!40101 SET @OLD_SQL_MODE=@@SQL_MODE, SQL_MODE='NO_AUTO_VALUE_ON_ZERO' */;
/*!40111 SET @OLD_SQL_NOTES=@@SQL_NOTES, SQL_NOTES=0 */;

--
-- Table structure for table `jackpot10`
--

DROP TABLE IF EXISTS `jackpot10`;
/*!40101 SET @saved_cs_client     = @@character_set_client */;
/*!40101 SET character_set_client = utf8 */;
CREATE TABLE `jackpot10` (
  `id` int(6) NOT NULL AUTO_INCREMENT,
  `value_won` int(10) NOT NULL,
  `bj_date` timestamp NOT NULL DEFAULT CURRENT_TIMESTAMP,
  `id_user` int(4) NOT NULL,
  `username` varchar(30) NOT NULL,
  PRIMARY KEY (`id`),
  KEY `id_user` (`id_user`),
  CONSTRAINT `jackpot10_ibfk_1` FOREIGN KEY (`id_user`) REFERENCES `users` (`id`)
) ENGINE=InnoDB AUTO_INCREMENT=19 DEFAULT CHARSET=latin1;
/*!40101 SET character_set_client = @saved_cs_client */;

--
-- Dumping data for table `jackpot10`
--

LOCK TABLES `jackpot10` WRITE;
/*!40000 ALTER TABLE `jackpot10` DISABLE KEYS */;
INSERT INTO `jackpot10` VALUES (4,80,'2018-05-25 10:16:37',12,'qweqwe'),(7,4000,'2018-05-26 14:30:15',14,'sesh'),(12,200000,'2018-05-26 15:48:43',15,'a a a'),(18,128468,'2018-05-26 16:30:22',16,'jeff');
/*!40000 ALTER TABLE `jackpot10` ENABLE KEYS */;
UNLOCK TABLES;

--
-- Table structure for table `users`
--

DROP TABLE IF EXISTS `users`;
/*!40101 SET @saved_cs_client     = @@character_set_client */;
/*!40101 SET character_set_client = utf8 */;
CREATE TABLE `users` (
  `id` int(3) NOT NULL AUTO_INCREMENT,
  `is_admin` tinyint(1) NOT NULL DEFAULT '0',
  `username` varchar(30) NOT NULL,
  `full_name` varchar(60) NOT NULL,
  `email` varchar(45) NOT NULL,
  `pass` varchar(255) NOT NULL,
  `birthday` date NOT NULL,
  `money` int(8) DEFAULT NULL,
  `block` tinyint(1) NOT NULL DEFAULT '0',
  PRIMARY KEY (`id`),
  UNIQUE KEY `username_UNIQUE` (`username`),
  UNIQUE KEY `email_UNIQUE` (`email`)
) ENGINE=InnoDB AUTO_INCREMENT=23 DEFAULT CHARSET=latin1;
/*!40101 SET character_set_client = @saved_cs_client */;

--
-- Dumping data for table `users`
--

LOCK TABLES `users` WRITE;
/*!40000 ALTER TABLE `users` DISABLE KEYS */;
INSERT INTO `users` VALUES (10,0,'aasas','asdadsads','ffdg@dfgd.com','$2y$10$QamNoLw1SXDE0zoEfSlNtOKFUg3QpneiEKwU4LaZi38LfvZjdj9.e','1212-12-12',400,1),(11,0,'asfd','sadadasd','sdf@f.c','$2y$10$QamNoLw1SXDE0zoEfSlNtOKFUg3QpneiEKwU4LaZi38LfvZjdj9.e','1212-12-12',400,0),(12,0,'qweqwe','qweqwe','qwe@qwe.qwe','$2y$10$QamNoLw1SXDE0zoEfSlNtOKFUg3QpneiEKwU4LaZi38LfvZjdj9.e','1212-12-12',800,0),(13,2,'admin','admin admin','admin@admin.admin','$2y$10$W6KN/R4S4Z6Sc.FAuoEWZ.nCsABLWXgEI6ndzU62qam18aIQndHqu','1990-12-12',0,0),(14,0,'sesh','sesh','bg@dshfsdu.vom','$2y$10$QamNoLw1SXDE0zoEfSlNtOKFUg3QpneiEKwU4LaZi38LfvZjdj9.e','1995-11-20',14742,1),(15,0,'a a a','a a a','adad@df.c','$2y$10$QamNoLw1SXDE0zoEfSlNtOKFUg3QpneiEKwU4LaZi38LfvZjdj9.e','2018-05-30',0,0),(16,0,'jeff','Hello my name is jeff','kupaki@air2token.com','$2y$10$QamNoLw1SXDE0zoEfSlNtOKFUg3QpneiEKwU4LaZi38LfvZjdj9.e','0002-02-21',6,0),(17,0,'sdjkfhsdkhfskdjhfksjdhfksd ','askdhajshdsjhfksjdhfskdhfsjdf','asasdasd@asdadasd.com','$2y$10$QamNoLw1SXDE0zoEfSlNtOKFUg3QpneiEKwU4LaZi38LfvZjdj9.e','1212-12-12',400,0),(18,0,'ertert','ertert ertert ert','ert@ert.ert','$2y$10$QamNoLw1SXDE0zoEfSlNtOKFUg3QpneiEKwU4LaZi38LfvZjdj9.e','1212-12-12',4000836,0),(19,1,'melicias','francisco Melicias','melicias@melicias.com','$2y$10$pmI9Pgc7NnWy7dReofmx6eMcOanZjMzuCTTSagO6DAbSofinG6unS','1212-12-12',400,0),(20,0,'sjdhfskf','random guy','mejnfds@sldjf.com','$2y$10$5evU6yWJLdMZ9asef/NLGOgIAZiZVPMUWoWPtAjKFK90U6qBHturC','9898-08-09',400,0),(21,0,'aaaa','aaaaaaaaaaa','aaaa@aaa.aaa','$2y$10$HqCuwcjnL.roQRSLy2.K0uA3DtdMpPrj5QmC6DA2dfbums6J0sL3q','1212-12-12',400,0),(22,0,'ksjhgkhgdkj','kdfjhgdkjhg','jhgdk@dlfkg.co','$2y$10$UHE72hAdlK51l/CtLhA6iu0.toyJ1V0xszVwkEFeT4f/cFet5aaY6','1212-12-12',400,0);
/*!40000 ALTER TABLE `users` ENABLE KEYS */;
UNLOCK TABLES;

--
-- Table structure for table `usersmovements`
--

DROP TABLE IF EXISTS `usersmovements`;
/*!40101 SET @saved_cs_client     = @@character_set_client */;
/*!40101 SET character_set_client = utf8 */;
CREATE TABLE `usersmovements` (
  `id` int(6) NOT NULL AUTO_INCREMENT,
  `id_user` int(4) NOT NULL,
  `money_type` varchar(3) NOT NULL,
  `credito` int(8) DEFAULT NULL,
  `movement_date` timestamp NOT NULL DEFAULT CURRENT_TIMESTAMP,
  `description` varchar(35) NOT NULL,
  `debito` int(8) DEFAULT NULL,
  `saldo` int(8) NOT NULL,
  PRIMARY KEY (`id`),
  KEY `id_user` (`id_user`),
  CONSTRAINT `usersmovements_ibfk_1` FOREIGN KEY (`id_user`) REFERENCES `users` (`id`)
) ENGINE=InnoDB AUTO_INCREMENT=363 DEFAULT CHARSET=latin1;
/*!40101 SET character_set_client = @saved_cs_client */;

--
-- Dumping data for table `usersmovements`
--

LOCK TABLES `usersmovements` WRITE;
/*!40000 ALTER TABLE `usersmovements` DISABLE KEYS */;
INSERT INTO `usersmovements` VALUES (5,12,'pay',4,'2018-05-24 23:05:16','Carregamento 1€',NULL,2420),(6,12,'pay',4,'2018-05-24 23:06:15','Carregamento 1€',NULL,2424),(7,12,'pay',4,'2018-05-24 23:07:00','Carregamento 1€',NULL,2428),(8,12,'pay',4,'2018-05-24 23:08:49','Carregamento 1€',NULL,2432),(9,12,'pay',4,'2018-05-24 23:08:51','Carregamento 1€',NULL,2436),(10,12,'pay',4,'2018-05-24 23:08:56','Carregamento 1€',NULL,2440),(11,12,'pay',4,'2018-05-24 23:08:58','Carregamento 1€',NULL,2444),(12,12,'pay',4,'2018-05-24 23:09:00','Carregamento 1€',NULL,2448),(13,12,'pay',4,'2018-05-24 23:09:05','Carregamento 1€',NULL,2452),(14,12,'pay',4,'2018-05-24 23:09:08','Carregamento 1€',NULL,2456),(15,12,'pay',4,'2018-05-24 23:09:12','Carregamento 1€',NULL,2460),(16,12,'pay',4,'2018-05-24 23:09:46','Carregamento 1€',NULL,2464),(17,12,'pay',4,'2018-05-24 23:10:19','Carregamento 1€',NULL,2468),(18,12,'pay',4,'2018-05-24 23:10:34','Carregamento 1€',NULL,2472),(19,12,'pay',4,'2018-05-24 23:10:49','Carregamento 1€',NULL,2476),(20,12,'pay',4,'2018-05-24 23:11:37','Carregamento 1€',NULL,2480),(21,12,'pay',4,'2018-05-24 23:11:57','Carregamento 1€',NULL,2484),(22,12,'pay',4,'2018-05-24 23:13:10','Carregamento 1€',NULL,2488),(23,12,'pay',4,'2018-05-24 23:15:19','Carregamento 1€',NULL,2492),(24,12,'pay',4,'2018-05-24 23:18:02','Carregamento 1€',NULL,2496),(25,12,'pay',4,'2018-05-24 23:18:14','Carregamento 1€',NULL,2500),(26,12,'pay',4,'2018-05-24 23:26:23','Carregamento 1€',NULL,2504),(27,12,'bet',4,'2018-05-24 23:32:22','Bet ',NULL,2500),(28,12,'pay',4,'2018-05-24 23:35:55','Carregamento 1€',NULL,2504),(29,12,'pay',4,'2018-05-24 23:35:59','Carregamento 1€',NULL,2508),(30,12,'pay',4,'2018-05-24 23:36:01','Carregamento 1€',NULL,2512),(31,12,'sur',2,'2018-05-24 23:36:09','Sur',NULL,2514),(32,12,'bet',NULL,'2018-05-24 23:36:28','Bet',4,2510),(33,12,'sur',2,'2018-05-24 23:36:31','Sur',NULL,2512),(34,12,'bet',NULL,'2018-05-24 23:36:50','Bet',2,2510),(35,12,'bet',NULL,'2018-05-24 23:36:56','Bet',5,2505),(36,12,'sur',2,'2018-05-24 23:36:59','Sur',NULL,2507),(37,12,'bet',NULL,'2018-05-24 23:45:55','Bet',2,2505),(38,12,'bet',NULL,'2018-05-24 23:46:05','Bet',5,2500),(39,12,'bet',NULL,'2018-05-24 23:46:17','Bet',100,2400),(40,12,'bet',NULL,'2018-05-24 23:46:26','Bet',100,2300),(41,12,'win',200,'2018-05-24 23:46:28','Win',NULL,2500),(42,12,'pay',400,'2018-05-24 23:46:51','Carregamento 100€',NULL,2900),(43,12,'bet',NULL,'2018-05-25 08:29:16','Bet',10,2890),(44,12,'bet',NULL,'2018-05-25 08:30:53','Bet',10,2880),(45,12,'win',20,'2018-05-25 08:30:56','Win',NULL,2890),(46,12,'bet',NULL,'2018-05-25 08:31:03','Bet',10,2880),(47,12,'sur',5,'2018-05-25 08:31:05','Sur',NULL,2885),(48,12,'pay',4,'2018-05-25 08:33:36','Carregamento 1€',NULL,2889),(49,12,'pay',4,'2018-05-25 08:36:52','Carregamento 1€',NULL,2893),(50,12,'pay',4,'2018-05-25 08:38:16','Carregamento 1€',NULL,2897),(51,12,'bet',NULL,'2018-05-25 08:38:39','Bet',7,2890),(52,12,'win',14,'2018-05-25 08:38:55','Win',NULL,2904),(53,12,'bet',NULL,'2018-05-25 08:39:08','Bet',4,2900),(54,12,'bet',NULL,'2018-05-25 08:39:41','Bet',100,2800),(55,12,'win',400,'2018-05-25 08:39:52','Win',NULL,3100),(56,12,'bet',NULL,'2018-05-25 09:26:40','Bet',100,3000),(57,12,'win',200,'2018-05-25 09:26:51','Win',NULL,3200),(58,12,'win',200,'2018-05-25 09:28:21','Win',NULL,3400),(59,12,'win',200,'2018-05-25 09:28:44','Win',NULL,3600),(60,12,'bet',NULL,'2018-05-25 09:29:38','Bet',100,3500),(61,12,'win',100,'2018-05-25 09:29:42','Win',NULL,3600),(62,12,'bet',NULL,'2018-05-25 09:29:48','Bet',100,3500),(63,12,'win',200,'2018-05-25 09:29:51','Win',NULL,3700),(64,12,'bet',NULL,'2018-05-25 09:32:00','Bet',100,3600),(65,12,'win',200,'2018-05-25 09:32:07','Win',NULL,3800),(66,12,'bet',NULL,'2018-05-25 09:32:30','Bet',200,3600),(67,12,'bet',NULL,'2018-05-25 09:32:35','Bet',200,3400),(68,12,'bet',NULL,'2018-05-25 09:32:45','Bet',200,3200),(69,12,'bet',NULL,'2018-05-25 09:32:54','Bet',200,3000),(70,12,'bet',NULL,'2018-05-25 09:33:00','Bet',200,2800),(71,12,'bet',NULL,'2018-05-25 09:33:05','Bet',400,2400),(72,12,'bet',NULL,'2018-05-25 09:33:11','Bet',400,2000),(73,12,'bet',NULL,'2018-05-25 09:33:18','Bet',400,1600),(74,12,'bet',NULL,'2018-05-25 09:33:26','Bet',600,1000),(75,12,'win',1200,'2018-05-25 09:33:28','Win',NULL,2200),(76,12,'bet',NULL,'2018-05-25 09:38:27','Bet',600,1600),(77,12,'bet',NULL,'2018-05-25 09:38:33','Bet',600,1000),(78,12,'bet',NULL,'2018-05-25 09:38:40','Bet',500,500),(79,12,'bet',NULL,'2018-05-25 09:38:47','Bet',500,0),(80,12,'win',1000,'2018-05-25 09:38:50','Win',NULL,1000),(81,12,'bet',NULL,'2018-05-25 09:41:53','Bet',10,990),(82,12,'bet',NULL,'2018-05-25 09:42:00','Bet',10,980),(83,12,'bet',NULL,'2018-05-25 09:42:06','Bet',10,970),(84,12,'bet',NULL,'2018-05-25 09:42:11','Bet',10,960),(85,12,'bet',NULL,'2018-05-25 09:42:18','Bet',10,950),(86,12,'win',20,'2018-05-25 09:42:23','Win',NULL,970),(87,12,'bet',NULL,'2018-05-25 09:44:48','Bet',10,960),(88,12,'win',20,'2018-05-25 09:44:52','Win',NULL,980),(89,12,'bet',NULL,'2018-05-25 09:46:42','Bet',10,970),(90,12,'bet',NULL,'2018-05-25 09:46:49','Bet',10,960),(91,12,'bet',NULL,'2018-05-25 09:46:55','Bet',10,950),(92,12,'win',20,'2018-05-25 09:47:00','Win',NULL,970),(93,12,'bet',NULL,'2018-05-25 09:48:57','Bet',20,950),(94,12,'win',20,'2018-05-25 09:49:00','Win',NULL,970),(95,12,'bet',NULL,'2018-05-25 09:49:03','Bet',20,950),(96,12,'bet',NULL,'2018-05-25 09:49:08','Bet',20,930),(97,12,'bet',NULL,'2018-05-25 09:49:13','Bet',20,910),(98,12,'bet',NULL,'2018-05-25 09:49:21','Bet',20,890),(99,12,'win',40,'2018-05-25 09:49:23','Win',NULL,930),(100,12,'bet',NULL,'2018-05-25 09:51:30','Bet',40,890),(101,12,'bet',NULL,'2018-05-25 09:51:42','Bet',40,850),(102,12,'win',80,'2018-05-25 09:51:44','Win',NULL,930),(103,12,'win',80,'2018-05-25 09:52:17','Win',NULL,1010),(104,12,'win',80,'2018-05-25 09:54:26','Win',NULL,1090),(105,12,'win',80,'2018-05-25 09:55:30','Win',NULL,1170),(106,12,'win',80,'2018-05-25 09:56:16','Win',NULL,1250),(107,12,'bet',NULL,'2018-05-25 09:57:36','Bet',10,1240),(108,12,'bet',NULL,'2018-05-25 09:57:42','Bet',20,1220),(109,12,'bet',NULL,'2018-05-25 09:57:46','Bet',20,1200),(110,12,'bet',NULL,'2018-05-25 09:57:51','Bet',20,1180),(111,12,'bet',NULL,'2018-05-25 09:58:01','Bet',20,1160),(112,12,'win',20,'2018-05-25 09:58:07','Win',NULL,1180),(113,12,'bet',NULL,'2018-05-25 09:58:09','Bet',20,1160),(114,12,'bet',NULL,'2018-05-25 09:58:14','Bet',20,1140),(115,12,'win',40,'2018-05-25 09:58:16','Win',NULL,1180),(116,12,'win',40,'2018-05-25 10:04:49','Win',NULL,1220),(117,12,'win',40,'2018-05-25 10:05:14','Win',NULL,1260),(118,12,'win',40,'2018-05-25 10:05:46','Win',NULL,1300),(119,12,'win',40,'2018-05-25 10:05:58','Win',NULL,1340),(120,12,'win',40,'2018-05-25 10:06:52','Win',NULL,1380),(121,12,'win',40,'2018-05-25 10:08:40','Win',NULL,1420),(122,12,'win',40,'2018-05-25 10:10:03','Win',NULL,1460),(123,12,'win',40,'2018-05-25 10:16:16','Win',NULL,1500),(124,12,'bet',NULL,'2018-05-25 10:16:31','Bet',40,1460),(125,12,'win',80,'2018-05-25 10:16:37','Win',NULL,1540),(126,14,'bet',NULL,'2018-05-26 14:23:06','Bet',1,399),(127,14,'bet',NULL,'2018-05-26 14:23:43','Bet',10,388),(128,14,'bet',NULL,'2018-05-26 14:23:53','Bet',10,378),(129,14,'win',20,'2018-05-26 14:23:59','Win',NULL,398),(130,14,'bet',NULL,'2018-05-26 14:24:11','Bet',10,388),(131,14,'bet',NULL,'2018-05-26 14:24:19','Bet',10,378),(132,14,'win',20,'2018-05-26 14:24:23','Win',NULL,398),(133,14,'pay',4,'2018-05-26 14:26:25','Carregamento 1€',NULL,402),(134,14,'pay',40,'2018-05-26 14:26:32','Carregamento 10€',NULL,442),(135,14,'pay',400,'2018-05-26 14:26:37','Carregamento 100€',NULL,842),(136,14,'pay',4000,'2018-05-26 14:26:43','Carregamento 1000€',NULL,4842),(137,14,'pay',40000,'2018-05-26 14:26:50','Carregamento 10000€',NULL,44842),(138,14,'bet',NULL,'2018-05-26 14:28:15','Bet',100,44742),(139,14,'bet',NULL,'2018-05-26 14:28:26','Bet',100,44642),(140,14,'bet',NULL,'2018-05-26 14:28:42','Bet',100,44542),(141,14,'win',100,'2018-05-26 14:28:52','Win',NULL,44642),(142,14,'bet',NULL,'2018-05-26 14:29:09','Bet',100,44542),(143,14,'win',200,'2018-05-26 14:29:15','Win',NULL,44742),(144,14,'bet',NULL,'2018-05-26 14:29:23','Bet',1000,43742),(145,14,'win',1000,'2018-05-26 14:29:33','Win',NULL,44742),(146,14,'bet',NULL,'2018-05-26 14:29:47','Bet',1000,43742),(147,14,'bet',NULL,'2018-05-26 14:30:00','Bet',1000,41742),(148,14,'bet',NULL,'2018-05-26 14:30:06','Bet',1000,39742),(149,14,'bet',NULL,'2018-05-26 14:30:12','Bet',1000,38742),(150,14,'win',4000,'2018-05-26 14:30:15','Win',NULL,41742),(151,14,'bet',NULL,'2018-05-26 14:30:33','Bet',1000,40742),(152,14,'win',2000,'2018-05-26 14:30:45','Win',NULL,42742),(153,14,'bet',NULL,'2018-05-26 14:31:01','Bet',1000,41742),(154,14,'win',4000,'2018-05-26 14:31:03','Win',NULL,44742),(155,14,'bet',NULL,'2018-05-26 14:31:12','Bet',1000,43742),(156,14,'bet',NULL,'2018-05-26 14:31:13','Bet',1000,42742),(157,14,'bet',NULL,'2018-05-26 14:31:24','Bet',1000,41742),(158,14,'win',2000,'2018-05-26 14:31:30','Win',NULL,43742),(159,14,'bet',NULL,'2018-05-26 14:31:38','Bet',10000,33742),(160,14,'bet',NULL,'2018-05-26 14:31:54','Bet',10000,23742),(161,14,'bet',NULL,'2018-05-26 14:32:01','Bet',1000,12742),(162,14,'win',2000,'2018-05-26 14:32:30','Win',NULL,14742),(163,15,'bet',NULL,'2018-05-26 15:33:17','Bet',23,377),(164,15,'bet',NULL,'2018-05-26 15:33:32','Bet',122,255),(165,15,'bet',NULL,'2018-05-26 15:34:03','Bet',55,200),(166,15,'win',110,'2018-05-26 15:34:05','Win',NULL,310),(167,15,'bet',NULL,'2018-05-26 15:34:10','Bet',33,277),(168,15,'bet',NULL,'2018-05-26 15:34:18','Bet',23,254),(169,15,'win',23,'2018-05-26 15:34:20','Win',NULL,277),(170,15,'bet',NULL,'2018-05-26 15:39:43','Bet',230,47),(171,15,'win',460,'2018-05-26 15:39:47','Win',NULL,507),(172,15,'bet',NULL,'2018-05-26 15:39:53','Bet',100,407),(173,15,'win',200,'2018-05-26 15:39:58','Win',NULL,607),(174,15,'bet',NULL,'2018-05-26 15:40:04','Bet',50,557),(175,15,'bet',NULL,'2018-05-26 15:40:16','Bet',50,507),(176,15,'bet',NULL,'2018-05-26 15:40:32','Bet',107,400),(177,15,'bet',NULL,'2018-05-26 15:40:50','Bet',111,289),(178,15,'win',222,'2018-05-26 15:40:54','Win',NULL,511),(179,15,'bet',NULL,'2018-05-26 15:40:57','Bet',11,500),(180,15,'win',22,'2018-05-26 15:41:20','Win',NULL,522),(181,15,'bet',NULL,'2018-05-26 15:41:24','Bet',22,500),(182,15,'win',22,'2018-05-26 15:41:31','Win',NULL,522),(183,15,'bet',NULL,'2018-05-26 15:41:38','Bet',22,500),(184,15,'bet',NULL,'2018-05-26 15:41:46','Bet',250,250),(185,15,'bet',NULL,'2018-05-26 15:41:57','Bet',50,200),(186,15,'win',100,'2018-05-26 15:42:01','Win',NULL,300),(187,15,'bet',NULL,'2018-05-26 15:42:39','Bet',150,150),(188,15,'win',300,'2018-05-26 15:42:46','Win',NULL,450),(189,15,'bet',NULL,'2018-05-26 15:42:52','Bet',50,400),(190,15,'bet',NULL,'2018-05-26 15:43:09','Bet',50,350),(191,15,'bet',NULL,'2018-05-26 15:43:17','Bet',50,300),(192,15,'bet',NULL,'2018-05-26 15:43:22','Bet',300,0),(193,15,'win',300,'2018-05-26 15:43:24','Win',NULL,300),(194,15,'bet',NULL,'2018-05-26 15:43:29','Bet',300,0),(195,15,'win',600,'2018-05-26 15:43:31','Win',NULL,600),(196,15,'bet',NULL,'2018-05-26 15:43:36','Bet',300,300),(197,15,'win',600,'2018-05-26 15:43:38','Win',NULL,900),(198,15,'bet',NULL,'2018-05-26 15:43:42','Bet',400,500),(199,15,'bet',NULL,'2018-05-26 15:44:13','Bet',500,0),(200,15,'pay',1200,'2018-05-26 15:44:36','Carregamento 300€',NULL,1200),(201,15,'bet',NULL,'2018-05-26 15:44:48','Bet',1200,0),(202,15,'win',2400,'2018-05-26 15:44:55','Win',NULL,2400),(203,15,'bet',NULL,'2018-05-26 15:45:00','Bet',1200,1200),(204,15,'win',2400,'2018-05-26 15:45:18','Win',NULL,3600),(205,15,'bet',NULL,'2018-05-26 15:45:31','Bet',3600,0),(206,15,'pay',40000,'2018-05-26 15:45:50','Carregamento 10000€',NULL,40000),(207,15,'pay',39996,'2018-05-26 15:46:57','Carregamento 9999€',NULL,79996),(208,15,'pay',39996,'2018-05-26 15:47:00','Carregamento 9999€',NULL,119992),(209,15,'pay',39996,'2018-05-26 15:47:03','Carregamento 9999€',NULL,159988),(210,15,'pay',39996,'2018-05-26 15:47:05','Carregamento 9999€',NULL,199984),(211,15,'pay',39996,'2018-05-26 15:47:08','Carregamento 9999€',NULL,239980),(212,15,'pay',39996,'2018-05-26 15:47:10','Carregamento 9999€',NULL,279976),(213,15,'pay',39996,'2018-05-26 15:47:13','Carregamento 9999€',NULL,319972),(214,15,'pay',39996,'2018-05-26 15:47:15','Carregamento 9999€',NULL,359968),(215,15,'pay',39996,'2018-05-26 15:47:18','Carregamento 9999€',NULL,399964),(216,15,'pay',39996,'2018-05-26 15:47:24','Carregamento 9999€',NULL,439960),(217,15,'pay',39996,'2018-05-26 15:47:26','Carregamento 9999€',NULL,479956),(218,15,'pay',39996,'2018-05-26 15:47:29','Carregamento 9999€',NULL,519952),(219,15,'bet',NULL,'2018-05-26 15:47:35','Bet',519952,0),(220,15,'pay',40000,'2018-05-26 15:47:51','Carregamento 10000€',NULL,40000),(221,15,'pay',40000,'2018-05-26 15:47:58','Carregamento 10000€',NULL,80000),(222,15,'bet',NULL,'2018-05-26 15:48:36','Bet',100000,899999),(223,15,'win',200000,'2018-05-26 15:48:43','Win',NULL,1099999),(224,15,'bet',NULL,'2018-05-26 15:48:59','Bet',999999,100000),(225,15,'bet',NULL,'2018-05-26 15:49:13','Bet',100000,0),(226,15,'bet',NULL,'2018-05-26 15:50:45','Bet',-999,999),(227,15,'bet',NULL,'2018-05-26 15:51:16','Bet',-999999,1000998),(228,15,'win',-1999998,'2018-05-26 15:51:21','Win',NULL,-999000),(229,15,'bet',NULL,'2018-05-26 15:52:02','Bet',-999999,999),(230,15,'win',-1999998,'2018-05-26 15:52:09','Win',NULL,-1998999),(231,15,'bet',NULL,'2018-05-26 15:53:34','Bet',-1998999,0),(232,15,'win',-3997998,'2018-05-26 15:53:36','Win',NULL,-3997998),(233,15,'bet',NULL,'2018-05-26 15:54:21','Bet',-93997998,90000000),(234,15,'win',-187995996,'2018-05-26 15:54:25','Win',NULL,-97995996),(235,15,'bet',NULL,'2018-05-26 15:54:43','Bet',-97995996,0),(236,15,'win',-195991992,'2018-05-26 15:54:45','Win',NULL,-195991992),(237,15,'bet',NULL,'2018-05-26 15:55:08','Bet',-195991992,0),(238,15,'win',-391983984,'2018-05-26 15:55:10','Win',NULL,-391983984),(239,15,'bet',NULL,'2018-05-26 15:55:21','Bet',-391983984,0),(240,15,'win',-783967968,'2018-05-26 15:55:23','Win',NULL,-783967968),(241,15,'bet',NULL,'2018-05-26 15:55:32','Bet',-783967968,0),(242,15,'bet',NULL,'2018-05-26 15:56:38','Bet',-100,100),(243,15,'bet',NULL,'2018-05-26 15:57:00','Bet',-100,200),(244,15,'bet',NULL,'2018-05-26 15:57:13','Bet',-2147483648,1661992960),(245,15,'win',970981376,'2018-05-26 15:57:15','Win',NULL,-1661992960),(246,15,'bet',NULL,'2018-05-26 15:57:30','Bet',-2147483648,0),(247,15,'win',0,'2018-05-26 15:57:34','Win',NULL,0),(248,15,'bet',NULL,'2018-05-26 15:58:23','Bet',-9999999,9999999),(249,15,'sur',-4999999,'2018-05-26 15:58:28','Sur',NULL,4999999),(250,15,'bet',NULL,'2018-05-26 15:59:18','Bet',4999999,0),(251,15,'bet',NULL,'2018-05-26 15:59:42','Bet',-4999999,4999999),(252,15,'win',-19999996,'2018-05-26 15:59:46','Win',NULL,-9999998),(253,15,'bet',NULL,'2018-05-26 16:00:05','Bet',-9999998,0),(254,15,'bet',NULL,'2018-05-26 16:00:26','Bet',9999998,0),(255,16,'bet',NULL,'2018-05-26 16:17:26','Bet',400,0),(256,16,'pay',40000,'2018-05-26 16:19:23','Carregamento 10000€',NULL,40000),(257,16,'pay',40000,'2018-05-26 16:19:26','Carregamento 10000€',NULL,80000),(258,16,'pay',40000,'2018-05-26 16:19:30','Carregamento 10000€',NULL,120000),(259,16,'bet',NULL,'2018-05-26 16:23:10','Bet',200,119800),(260,16,'win',200,'2018-05-26 16:23:28','Win',NULL,120000),(261,16,'bet',NULL,'2018-05-26 16:24:17','Bet',10,119990),(262,16,'win',20,'2018-05-26 16:24:22','Win',NULL,120010),(263,16,'bet',NULL,'2018-05-26 16:24:28','Bet',1000,119010),(264,16,'bet',NULL,'2018-05-26 16:24:37','Bet',10,119000),(265,16,'sur',5,'2018-05-26 16:24:40','Sur',NULL,119005),(266,16,'bet',NULL,'2018-05-26 16:24:44','Bet',10,118995),(267,16,'bet',NULL,'2018-05-26 16:25:02','Bet',10,118985),(268,16,'win',40,'2018-05-26 16:25:04','Win',NULL,119015),(269,16,'bet',NULL,'2018-05-26 16:25:27','Bet',50000,69015),(270,16,'bet',NULL,'2018-05-26 16:25:36','Bet',10000,59015),(271,16,'bet',NULL,'2018-05-26 16:25:48','Bet',1000,58015),(272,16,'win',2000,'2018-05-26 16:25:51','Win',NULL,60015),(273,16,'bet',NULL,'2018-05-26 16:25:57','Bet',10000,50015),(274,16,'bet',NULL,'2018-05-26 16:26:07','Bet',10000,40015),(275,16,'bet',NULL,'2018-05-26 16:26:17','Bet',1000,39015),(276,16,'win',2000,'2018-05-26 16:26:20','Win',NULL,41015),(277,16,'bet',NULL,'2018-05-26 16:26:24','Bet',10000,31015),(278,16,'win',20000,'2018-05-26 16:26:29','Win',NULL,51015),(279,16,'bet',NULL,'2018-05-26 16:26:33','Bet',50000,1015),(280,16,'win',100000,'2018-05-26 16:26:39','Win',NULL,101015),(281,16,'bet',NULL,'2018-05-26 16:26:45','Bet',50000,51015),(282,16,'win',100000,'2018-05-26 16:26:50','Win',NULL,151015),(283,16,'bet',NULL,'2018-05-26 16:26:56','Bet',50000,101015),(284,16,'win',50000,'2018-05-26 16:26:59','Win',NULL,151015),(285,16,'bet',NULL,'2018-05-26 16:28:11','Bet',50000,101015),(286,16,'bet',NULL,'2018-05-26 16:28:20','Bet',50000,51015),(287,16,'win',100000,'2018-05-26 16:28:24','Win',NULL,151015),(288,16,'bet',NULL,'2018-05-26 16:28:36','Bet',50000,101015),(289,16,'bet',NULL,'2018-05-26 16:28:43','Bet',50000,51015),(290,16,'win',100000,'2018-05-26 16:28:47','Win',NULL,151015),(291,16,'bet',NULL,'2018-05-26 16:28:59','Bet',49397,101618),(292,16,'bet',NULL,'2018-05-26 16:29:08','Bet',49397,52221),(293,16,'bet',NULL,'2018-05-26 16:29:12','Bet',49397,2824),(294,16,'pay',39996,'2018-05-26 16:29:28','Carregamento 9999€',NULL,42820),(295,16,'pay',39996,'2018-05-26 16:29:29','Carregamento 9999€',NULL,82816),(296,16,'pay',40000,'2018-05-26 16:29:46','Carregamento 10000€',NULL,122816),(297,16,'pay',40000,'2018-05-26 16:29:52','Carregamento 10000€',NULL,162816),(298,16,'pay',40000,'2018-05-26 16:29:55','Carregamento 10000€',NULL,202816),(299,16,'pay',40000,'2018-05-26 16:29:58','Carregamento 10000€',NULL,242816),(300,16,'pay',40000,'2018-05-26 16:29:59','Carregamento 10000€',NULL,282816),(301,16,'pay',40000,'2018-05-26 16:30:01','Carregamento 10000€',NULL,322816),(302,16,'pay',40000,'2018-05-26 16:30:02','Carregamento 10000€',NULL,362816),(303,16,'pay',40000,'2018-05-26 16:30:03','Carregamento 10000€',NULL,402816),(304,16,'bet',NULL,'2018-05-26 16:30:11','Bet',64234,338582),(305,16,'win',128468,'2018-05-26 16:30:22','Win',NULL,467050),(306,16,'bet',NULL,'2018-05-26 16:30:25','Bet',64234,402816),(307,16,'bet',NULL,'2018-05-26 16:30:29','Bet',64234,338582),(308,16,'bet',NULL,'2018-05-26 16:30:32','Bet',64234,274348),(309,16,'win',128468,'2018-05-26 16:30:38','Win',NULL,402816),(310,16,'bet',NULL,'2018-05-26 16:30:41','Bet',64234,338582),(311,16,'bet',NULL,'2018-05-26 16:30:45','Bet',64234,274348),(312,16,'bet',NULL,'2018-05-26 16:30:48','Bet',64234,210114),(313,16,'bet',NULL,'2018-05-26 16:30:52','Bet',64234,145880),(314,16,'bet',NULL,'2018-05-26 16:31:03','Bet',64234,81646),(315,16,'win',64234,'2018-05-26 16:31:07','Win',NULL,145880),(316,16,'bet',NULL,'2018-05-26 16:31:08','Bet',64234,81646),(317,16,'bet',NULL,'2018-05-26 16:31:12','Bet',64234,17412),(318,16,'bet',NULL,'2018-05-26 16:31:21','Bet',17412,0),(319,16,'win',34824,'2018-05-26 16:31:23','Win',NULL,34824),(320,16,'bet',NULL,'2018-05-26 16:31:27','Bet',34824,0),(321,16,'pay',40000,'2018-05-26 16:31:52','Carregamento 10000€',NULL,40000),(322,16,'pay',40000,'2018-05-26 16:31:53','Carregamento 10000€',NULL,80000),(323,16,'pay',40000,'2018-05-26 16:31:55','Carregamento 10000€',NULL,120000),(324,16,'pay',40000,'2018-05-26 16:31:56','Carregamento 10000€',NULL,160000),(325,16,'pay',40000,'2018-05-26 16:31:58','Carregamento 10000€',NULL,200000),(326,16,'pay',40000,'2018-05-26 16:31:59','Carregamento 10000€',NULL,240000),(327,16,'pay',40000,'2018-05-26 16:32:01','Carregamento 10000€',NULL,280000),(328,16,'pay',40000,'2018-05-26 16:32:02','Carregamento 10000€',NULL,320000),(329,16,'bet',NULL,'2018-05-26 16:32:09','Bet',1000,319000),(330,16,'bet',NULL,'2018-05-26 16:32:16','Bet',1000,318000),(331,16,'bet',NULL,'2018-05-26 16:32:23','Bet',1000,317000),(332,16,'bet',NULL,'2018-05-26 16:32:27','Bet',1000,316000),(333,16,'bet',NULL,'2018-05-26 16:32:31','Bet',1000,315000),(334,16,'bet',NULL,'2018-05-26 16:32:36','Bet',1000,314000),(335,16,'bet',NULL,'2018-05-26 16:32:39','Bet',1000,313000),(336,16,'bet',NULL,'2018-05-26 16:32:42','Bet',1000,312000),(337,16,'win',2000,'2018-05-26 16:32:46','Win',NULL,314000),(338,16,'bet',NULL,'2018-05-26 16:32:48','Bet',1000,313000),(339,16,'win',2000,'2018-05-26 16:32:50','Win',NULL,314000),(340,16,'bet',NULL,'2018-05-26 16:32:54','Bet',1000,313000),(341,16,'win',2000,'2018-05-26 16:32:55','Win',NULL,314000),(342,16,'bet',NULL,'2018-05-26 16:32:58','Bet',1000,313000),(343,16,'win',4000,'2018-05-26 16:32:59','Win',NULL,316000),(344,16,'bet',NULL,'2018-05-26 16:33:02','Bet',1000,315000),(345,16,'win',2000,'2018-05-26 16:33:04','Win',NULL,317000),(346,16,'bet',NULL,'2018-05-26 16:33:29','Bet',1000,316000),(347,16,'bet',NULL,'2018-05-26 16:34:38','Bet',316000,0),(348,16,'pay',4,'2018-05-26 16:34:54','Carregamento 1€',NULL,4),(349,16,'bet',NULL,'2018-05-26 16:35:30','Bet',1,3),(350,16,'win',4,'2018-05-26 16:35:32','Win',NULL,6),(351,16,'bet',NULL,'2018-05-26 16:35:35','Bet',1,5),(352,16,'win',4,'2018-05-26 16:35:39','Win',NULL,8),(353,16,'bet',NULL,'2018-05-26 16:35:41','Bet',1,7),(354,12,'bet',NULL,'2018-05-30 14:58:23','Bet',40,1500),(355,12,'bet',NULL,'2018-05-30 14:59:14','Bet',100,1400),(356,12,'win',100,'2018-05-30 14:59:20','Win',NULL,1500),(357,12,'bet',NULL,'2018-05-30 14:59:23','Bet',100,1400),(358,12,'bet',NULL,'2018-05-30 14:59:29','Bet',200,1100),(359,12,'bet',NULL,'2018-05-30 15:57:43','Bet',100,800),(360,18,'pay',3999996,'2018-06-01 08:43:48','Carregamento 999999€',NULL,4000396),(361,12,'bet',NULL,'2018-06-09 15:18:20','Bet',0,800);
/*!40000 ALTER TABLE `usersmovements` ENABLE KEYS */;
UNLOCK TABLES;
/*!40103 SET TIME_ZONE=@OLD_TIME_ZONE */;

/*!40101 SET SQL_MODE=@OLD_SQL_MODE */;
/*!40014 SET FOREIGN_KEY_CHECKS=@OLD_FOREIGN_KEY_CHECKS */;
/*!40014 SET UNIQUE_CHECKS=@OLD_UNIQUE_CHECKS */;
/*!40101 SET CHARACTER_SET_CLIENT=@OLD_CHARACTER_SET_CLIENT */;
/*!40101 SET CHARACTER_SET_RESULTS=@OLD_CHARACTER_SET_RESULTS */;
/*!40101 SET COLLATION_CONNECTION=@OLD_COLLATION_CONNECTION */;
/*!40111 SET SQL_NOTES=@OLD_SQL_NOTES */;

-- Dump completed on 2018-06-09 20:17:51
